{"is_source_file": false, "format": "", "description": "", "external_files": [], "external_methods": [], "published": [], "classes": [], "methods": [], "calls": [], "search-terms": [], "state": 2, "file_id": 18, "knowledge_revision": 33, "git_revision": "9e7251f54075af630a4c1bc40e265a511f3e1823", "hash": "52d20c964c7c4288a1a6b5146a156f5b", "format-version": 4, "code-base-name": "todo_flutter_frontend", "filename": "README.md", "revision_history": [{"33": "9e7251f54075af630a4c1bc40e265a511f3e1823"}]}