{"is_source_file": false, "format": "", "description": "", "external_files": [], "external_methods": [], "published": [], "classes": [], "methods": [], "calls": [], "search-terms": [], "state": 2, "file_id": 3, "knowledge_revision": 29, "git_revision": "3a702795a1be071198653003b2072ff08fedf2b4", "hash": "4c47c1db3f4f3fa2b2908b28c376c763", "format-version": 4, "code-base-name": "todo_flutter_frontend", "filename": "todo_flutter_frontend/android/app/build.gradle.kts", "revision_history": [{"29": "3a702795a1be071198653003b2072ff08fedf2b4"}]}