{"is_source_file": false, "format": "", "description": "", "external_files": [], "external_methods": [], "published": [], "classes": [], "methods": [], "calls": [], "search-terms": [], "state": 2, "file_id": 1, "knowledge_revision": 23, "git_revision": "3a702795a1be071198653003b2072ff08fedf2b4", "hash": "66d03d7647c8e438164feaf5b922d44a", "format-version": 4, "code-base-name": "todo_flutter_frontend", "filename": "todo_flutter_frontend/analysis_options.yaml", "revision_history": [{"23": "3a702795a1be071198653003b2072ff08fedf2b4"}]}