{"is_source_file": true, "format": "Java", "description": "This is a generated Java source file for registering Flutter plugins with the Android engine. It is produced automatically by the Flutter tool based on the plugins integrated into the Flutter project.", "external_files": ["io.flutter.embedding.engine.FlutterEngine", "io.flutter.Log"], "external_methods": ["io.flutter.embedding.engine.FlutterEngine"], "published": ["io.flutter.plugins.GeneratedPluginRegistrant"], "classes": [{"name": "GeneratedPluginRegistrant", "description": "A final class containing a static method to register plugins with the Flutter engine."}], "methods": [{"name": "registerWith", "description": "A static method intended to register plugins with the provided FlutterEngine instance."}], "calls": [], "search-terms": ["GeneratedPluginRegistrant", "registerWith", "FlutterEngine", "plugin registration", "Android Flutter plugin"], "state": 2, "file_id": 10, "knowledge_revision": 28, "git_revision": "", "hash": "5b3b418ce50367c33bded3c0df06d47f", "format-version": 4, "code-base-name": "todo_flutter_frontend", "filename": "todo_flutter_frontend/android/app/src/main/java/io/flutter/plugins/GeneratedPluginRegistrant.java", "revision_history": [{"28": ""}]}