{"is_source_file": true, "format": "Kotlin DSL (settings.gradle.kts)", "description": "Gradle build script in Kotlin DSL for configuring plugin management, repositories, and includes for an Android Flutter project.", "external_files": ["local.properties"], "external_methods": ["file()", "inputStream()", "use()", "load()", "getProperty()", "require()"], "published": ["pluginManagement", "plugins", "include"], "classes": [], "methods": [{"name": "run", "description": "Executes a block of code to determine flutterSdkPath from local.properties."}], "calls": ["properties.load(it)", "properties.getProperty(\"flutter.sdk\")", "require(flutterSdkPath != null)"], "search-terms": ["settings.gradle.kts", "flutter.sdk", "pluginManagement", "local.properties", "Gradle Kotlin DSL", "flutter-gradle"], "state": 2, "file_id": 14, "knowledge_revision": 36, "git_revision": "3a702795a1be071198653003b2072ff08fedf2b4", "hash": "683f9ca2f32a701ed1517715bf394e23", "format-version": 4, "code-base-name": "todo_flutter_frontend", "filename": "todo_flutter_frontend/android/settings.gradle.kts", "revision_history": [{"36": "3a702795a1be071198653003b2072ff08fedf2b4"}]}