{"is_source_file": false, "format": "", "description": "", "external_files": [], "external_methods": [], "published": [], "classes": [], "methods": [], "calls": [], "search-terms": [], "state": 2, "file_id": 7, "knowledge_revision": 30, "git_revision": "3a702795a1be071198653003b2072ff08fedf2b4", "hash": "58b48ec178bde5aad76063577172ad24", "format-version": 4, "code-base-name": "todo_flutter_frontend", "filename": "todo_flutter_frontend/android/app/src/main/res/values/styles.xml", "revision_history": [{"30": "3a702795a1be071198653003b2072ff08fedf2b4"}]}