{"is_source_file": false, "format": "", "description": "", "external_files": [], "external_methods": [], "published": [], "classes": [], "methods": [], "calls": [], "search-terms": [], "state": 2, "file_id": 4, "knowledge_revision": 26, "git_revision": "3a702795a1be071198653003b2072ff08fedf2b4", "hash": "ac1dad6fec40014c3c6cbbd849a880dc", "format-version": 4, "code-base-name": "todo_flutter_frontend", "filename": "todo_flutter_frontend/android/app/src/profile/AndroidManifest.xml", "revision_history": [{"26": "3a702795a1be071198653003b2072ff08fedf2b4"}]}