{"is_source_file": true, "format": "Dart", "description": "Main source file for a Flutter-based to-do list application. Contains app initialization, theme setup, data models, and UI for task management including add, toggle complete, and delete functionalities.", "external_files": ["package:flutter/material.dart"], "external_methods": ["runApp", "MaterialApp", "ColorScheme.fromSeed", "ThemeData", "ScaffoldMessenger.of", "ScaffoldMessenger.showSnackBar"], "published": ["main", "TodoApp", "TodoItem", "TodoHomeScreen", "_TodoHomeScreenState"], "classes": [{"name": "TodoApp", "description": "Root widget setting up theme and home screen."}, {"name": "TodoItem", "description": "Data model representing a task with id, title, creation timestamp, and completion status."}, {"name": "TodoHomeScreen", "description": "Stateful widget managing the to-do list UI and interactions."}, {"name": "_TodoHomeScreenState", "description": "State object handling the to-do list logic and UI for TodoHomeScreen."}], "methods": [{"name": "main", "description": "Application entry point, runs the TodoApp widget."}, {"name": "_buildTheme", "description": "Constructs the ThemeData used throughout the app."}, {"name": "addTaskFromInput", "description": "Adds a new task based on user input."}, {"name": "toggleTaskCompleted", "description": "Toggles the completion state of a task."}, {"name": "deleteTask", "description": "Removes a task from the list."}, {"name": "_showSnackBar", "description": "Displays a brief message at the bottom of the screen."}, {"name": "_normalizeTitle", "description": "Cleans up and trims task titles."}, {"name": "_buildHeader", "description": "Builds the header widget containing title and input controls."}, {"name": "_buildEmptyState", "description": "Builds widget displayed when no tasks are present."}, {"name": "_buildTaskTile", "description": "Builds individual task items."}, {"name": "_buildList", "description": "Builds the list view of current tasks."}], "calls": ["ColorScheme.fromSeed", "ThemeData", "ScaffoldMessenger.of", "ScaffoldMessenger.showSnackBar", "setState", "TextField.controller", "TextField.focusNode", "TextField.onSubmitted", "FilledButton.onPressed", "MaterialApp.home", "ListView.separated", "Dismissible.onDismissed"], "search-terms": ["Flutter to-do app", "main.dart", "task management UI", "task model", "add task", "toggle complete", "swipe delete", "custom theme", "Material 3"], "state": 2, "file_id": 17, "knowledge_revision": 38, "git_revision": "", "revision_history": [{"37": ""}, {"38": ""}], "hash": "516c8f19df26ec6f3137a42413bc602f", "format-version": 4, "code-base-name": "todo_flutter_frontend", "filename": "todo_flutter_frontend/lib/main.dart"}