{"is_source_file": false, "format": "", "description": "", "external_files": [], "external_methods": [], "published": [], "classes": [], "methods": [], "calls": [], "search-terms": [], "state": 2, "file_id": 12, "knowledge_revision": 32, "git_revision": "3a702795a1be071198653003b2072ff08fedf2b4", "hash": "ac1dad6fec40014c3c6cbbd849a880dc", "format-version": 4, "code-base-name": "todo_flutter_frontend", "filename": "todo_flutter_frontend/android/app/src/debug/AndroidManifest.xml", "revision_history": [{"32": "3a702795a1be071198653003b2072ff08fedf2b4"}]}