{"is_source_file": false, "format": "", "description": "", "external_files": [], "external_methods": [], "published": [], "classes": [], "methods": [], "calls": [], "search-terms": [], "state": 2, "file_id": 11, "knowledge_revision": 22, "git_revision": "3a702795a1be071198653003b2072ff08fedf2b4", "hash": "bea45dacc1be37a5e2a35131e5815d9b", "format-version": 4, "code-base-name": "todo_flutter_frontend", "filename": "todo_flutter_frontend/android/app/src/main/AndroidManifest.xml", "revision_history": [{"22": "3a702795a1be071198653003b2072ff08fedf2b4"}]}