{"is_source_file": false, "format": null, "description": null, "external_files": [], "external_methods": [], "published": [], "classes": [], "methods": [], "calls": [], "search-terms": [], "state": 2, "file_id": 5, "knowledge_revision": 20, "git_revision": "3a702795a1be071198653003b2072ff08fedf2b4", "hash": "ab00f2bfdce1a5187d1ba31e9e68b921", "format-version": 4, "code-base-name": "todo_flutter_frontend", "filename": "todo_flutter_frontend/android/app/src/main/res/drawable-v21/launch_background.xml", "revision_history": [{"20": "3a702795a1be071198653003b2072ff08fedf2b4"}]}