{"is_source_file": false, "format": "", "description": "", "external_files": [], "external_methods": [], "published": [], "classes": [], "methods": [], "calls": [], "search-terms": [], "state": 2, "file_id": 8, "knowledge_revision": 25, "git_revision": "3a702795a1be071198653003b2072ff08fedf2b4", "hash": "79c59c987bd2e693cd741ec3035ef383", "format-version": 4, "code-base-name": "todo_flutter_frontend", "filename": "todo_flutter_frontend/android/app/src/main/res/drawable/launch_background.xml", "revision_history": [{"25": "3a702795a1be071198653003b2072ff08fedf2b4"}]}