{"is_source_file": false, "format": "", "description": "", "external_files": [], "external_methods": [], "published": [], "classes": [], "methods": [], "calls": [], "search-terms": [], "state": 2, "file_id": 13, "knowledge_revision": 34, "git_revision": "3a702795a1be071198653003b2072ff08fedf2b4", "hash": "699579880a795350891cafc998a3ec79", "format-version": 4, "code-base-name": "todo_flutter_frontend", "filename": "todo_flutter_frontend/android/build.gradle.kts", "revision_history": [{"34": "3a702795a1be071198653003b2072ff08fedf2b4"}]}