{"is_source_file": false, "format": "", "description": "", "external_files": [], "external_methods": [], "published": [], "classes": [], "methods": [], "calls": [], "search-terms": [], "state": 2, "file_id": 15, "knowledge_revision": 35, "git_revision": "3a702795a1be071198653003b2072ff08fedf2b4", "hash": "1c3dd347145a3b7f097bede5c4fbd748", "format-version": 4, "code-base-name": "todo_flutter_frontend", "filename": "todo_flutter_frontend/README.md", "revision_history": [{"35": "3a702795a1be071198653003b2072ff08fedf2b4"}]}