{"is_source_file": true, "format": "Kotlin", "description": "This source file is a Kotlin class defining the main activity for an Android app using Flutter.", "external_files": ["io.flutter.embedding.android.FlutterActivity"], "external_methods": ["io.flutter.embedding.android.FlutterActivity"], "published": ["com.example.todo_flutter_frontend.MainActivity"], "classes": [{"name": "MainActivity", "description": "A Kotlin class extending FlutterActivity, serving as the entry point for the Android app built with Flutter."}], "methods": [{"name": "MainActivity", "description": "Constructor for MainActivity class, inheriting from FlutterActivity."}], "calls": ["FlutterActivity()"], "search-terms": ["MainActivity", "FlutterActivity", "Kotlin", "Android", "Flutter"], "state": 2, "file_id": 9, "knowledge_revision": 27, "git_revision": "3a702795a1be071198653003b2072ff08fedf2b4", "hash": "7ec87a3722ac81becbb9ee963a6d308c", "format-version": 4, "code-base-name": "todo_flutter_frontend", "filename": "todo_flutter_frontend/android/app/src/main/kotlin/com/example/todo_flutter_frontend/MainActivity.kt", "revision_history": [{"27": "3a702795a1be071198653003b2072ff08fedf2b4"}]}