{"is_source_file": false, "format": null, "description": null, "external_files": [], "external_methods": [], "published": [], "classes": [], "methods": [], "calls": [], "search-terms": [], "state": 2, "file_id": 16, "knowledge_revision": 31, "git_revision": "3a702795a1be071198653003b2072ff08fedf2b4", "hash": "2396869caac57d2d4a10053e6eb1010e", "format-version": 4, "code-base-name": "todo_flutter_frontend", "filename": "todo_flutter_frontend/pubspec.yaml", "revision_history": [{"31": "3a702795a1be071198653003b2072ff08fedf2b4"}]}